run,logZ,sigma,delta_vs_0115,note
0115,-1441.28289542769,0.467994539917266,0.0,baseline reference
0116,-1431.84330889242,0.38428426009214,9.439586535269882,very strong active lead
0118,-1509.15015053526,0.354623203993282,-67.86725510757014,controlled broad-memory comparison
