run,logZ,sigma
0115,-1441.28289542769,0.467994539917266
0116,-1431.84330889242,0.38428426009214
0118,-1509.15015053526,0.354623203993282
