run,logZ,sigma
0115,-1440.29870994185,0.47201846660067
0116,-1429.34793454023,0.39041292849312
0118,-1509.15015053526,0.354623203993282
